customer_id,customer_name,customer_city
C001,María Gómez,Bogotá
C002,Andrés Rodríguez,Medellín
C003,Luis Martínez,Cali
C004,Ana Beltrán,Barranquilla
C005,Pedro Castillo,Bogotá
C006,Carla Mendoza,Cartagena
C007,Diego López,Bucaramanga
C008,Sofía García,Bogotá
C009,Javier Ruiz,Medellín
C010,Natalia Jiménez,Cali
